id,full_size,protein_rep,rep_region,rep_length,converged,plddt,ptm,helix_percent,strand_percent,coil_percent,inside_percent,membrane_alpha_percent,outside_percent,signal_percent,membrane_beta_percent,periplasm_percent,rep_sequence,consensus,seed_msa_blob,hmm_blob,rf_blob,cif_blob,biome_blob,domain_blob,s4pred_blob,tm_blob
1,21,3387826881,357-470,114,True,54.7,0.029,71.05,0.0,28.95,,,,,,,QLDPQVVGEEHYSVARAVQSTLQRYKELRDIIAILGMDELSPEDKLAVGRARRIQRFLSQPFHVAEVFTGSPGKYVSLKDTIKGFKAIVDGEYDDLPEQAFYMVGSIEEAVEKA,lldPevvgeehyevarkvqevLqrykelqdiiailGmdelseedkliverarkiqrfLsQsfsvaetftgiegkyvslkeiikgfkaildGelddlpeqafllvGsieevveka,,,,,,,,
2,192,6319894033,167-269,103,False,78.0,0.092,35.92,29.13,34.95,,,,,,,ALDLKLRKDMQYELKTMQQELGITFIYVTHDQEEALTMSDRIVVMKDGYIQQIGTPEDIYNEPVNKFVADFIGESNILDGIMLNDYKCSVNDIEYECVDKGFA,aLDaklrerlleelkellrelgktvivvtHdleealalaDrvvvlnkGrivqvgtpeellekpasefvadlvgesnilaaeanrekvslekkevelesek,,,,,,,,
3,105,1317524612,213-751,539,True,74.2,0.059,34.32,15.58,50.09,,,,,,,YMSNSHCPTCNGARLRKESLAVKVGDKNINELTEMSIDKIKNYLNSLKLNNKDKMISEQILKELNKRLQFLIDVGLEYLTLSRSAGTLSGGEAQRIRLATQIGSGLTGVLYILDEPSIGLHQRDNEKLIATLKKLRDLGNTVIVVEHDEDTMYAADQIIDIGPGPGVHGGKVIAQGTAEQIKQIPESITGQYLSGKKQIPIPEKRRKSNGRAIEVKGATQNNLKNINVKFPLGQFICVTGVSGSGKSTLVNDILYKALAKQINGSNEKPGAHKEIIGIENIDKIINIDQSPIGRTPRSNPATYTGVFDNIRDIFAGTNEAKMRGYEKGRFSFNVEGGRCEACSGDGILRIEMHFLPDIYVPCEVCKGKRYNKETLEVKYKGKTIADVLDMTVEEALEFFKNIPRIKQKIQTLHDVGLGYIKLGQPSTTLSGGEAQRVKLATELSKKPTGKTLYILDEPTTGLHIADVHKLVEILQRLVDTGNSIIVIEHNLDLIKTSDYIIDLGPEGGDKGGKIVAVGTPEQIARNEQSYTGQFLGKYL,flsakkceackGarlkkealavkvgdkniseltelsieellefleklklsekdkeiaeeilkeikerlrflldvGleyltldrsartlsGGeaqrirlatqiGsglvgvlyvldePsiGlhqrdndrliatlkelrdlGntvivvehdedtllaadylvdiGPgaGekGGevvaagtaeeilkakksltgkylsGkkkieipekrrkekkeklkikgakennlknidvkiPlgklvcvtGvsGsGkstlvnevlykalakklnrskekpekvkeikglekidkvilidqsPigrtPrsnPatytgvfdairdlfaateeakvrGykkgrfsfnvkgGrceaceGdGvikiemhflpdvyvkcevckGkrynketlevkykdkniadvldmtveeaieffenipsikdklktlkevGlgylrlGqsattlsGGeaqriklaselskretgktlyildePttGlhfedvkkllevlkrlvdkGntvvviehnldviktadyiidlGPeGGdkGGeivakGtpeevakneksytgkylkkvl,,,,,,,,
4,59,1814953751,178-297,120,False,52.2,0.027,29.17,23.33,47.5,,,,,,,KRGQQLKIVRASQNNLRDIDVTIPLGVFCCVTGVSGSGKSTLVHKVLYENLMRDAGETLDEEPGRCKAIRGAEKLGQVVMVDQSPLSRTPRSTPGVYTGAFELIRKLFAATDDAKAAGLT,eedklkikgarennlknidveiPlgklvvvtGvSGsGkstLvfdtlyaelqrrlneslsaarqflgklekkdvdgieglskviaidQspigrtprStvatvtevfdlireLfarleeakarl,,,,,,,,
5,30,2644887350,182-293,112,False,71.9,0.08,44.64,14.29,41.07,,,,,,,DQRLVNQGLMRMSRDTGLKLVATNDIHYTYAEDEKAHDILLCIQTGKKVADEDRMRYEGGQYYCKSEEEMRALFPYAPEAIENTHMIAERCNVEIEFGVTKLPKYEVPEGFD,evneallklakelglplvaTndvhyldpedaeahdillciqtgktledadrmrletselylkstaemeelfkdlpeaienTvkIaercefelekgkyklPdfpvPeget,,,,,,,,
6,14,1049996054,652-775,124,True,72.9,0.031,59.68,0.0,40.32,,,,,,,IGIAIGAGTDIAIDAADVVLMKSRLSDVPAAIRMSRATLRNIHENLFWAFFYNVIGIPLAAGVWIPLFEWQLNPMFGAAAMSLSSFCVVTNALRLNWFKMYDGSHDKKVRANRSKKKQEEEMMT,iGiaiGaGtdvaidaadvvlmksrlsdvpaalrlsratlrnikenlfwaffynsiGiplaaGvfipllglklnPmlaaaamslsslcvvtnalrlrlfklkdeaadkkvkkkrkevkeeekamt,,,,,,,,
7,17,2957363146,94-272,179,True,82.8,0.105,45.81,15.08,39.11,,,,,,,VTTSDKMERAIKTIEEELENRVKYFKDNGKLIEAQRIEERTNFDIEMMKETGFCQGIENYSRHISGREAGSPPFTLFDYFPKDYLLVVDESHVSLPQIRGMYNGDQARKKVLVEYGFRLPSALDNRPLRFEEFTSLINQAIFVSATPGDWELEQTHGQYVEQIIRPTGLLDPEVEVRPI,vtakdklekaikeieeeleervkelkeegklleakrleerveydlemlkelGycsGienysryldgreaGsrpftlldyfpddfllvvdeshvtvpqiramyaGdrsrkktlveyGfrlpsaldnrplkfeefeskieqvifvsatpadyelekseqvveqiirptGlldpeievrpv,,,,,,,,
8,36,1404883431,3-125,123,True,55.2,0.036,33.33,18.7,47.97,,,,,,,KRTDIESILIIGAGPIVIGQACEFDYSGTQATRALKEEGYRVILVNSNPATIMTDPNLAHRTYIEPITTEYVAAIIEKEKPDAILPTVGGQTALNLAMDLHREGVLQNHNVQLIGAQVEAIEK,kkkdkkkvlvlGsGpiriGqaiefDysgvqavkalkeegyetilvnsnpetvstdedvadklYlePltledvekiiekekpdgilvqlGGqtalnlaaelekaGvlekaevellGtsveaidk,,,,,,,,
9,29,291382574,70-232,163,False,63.0,0.036,73.62,0.0,26.38,,,,,,,AAESADESALRDTETPKLKKRLFWSVGFLIILMYFSMGHMMWGWPLPSFYNSNHVAMGLTQLLLTVIIMVINQKFFISGFKSLWHRAPNMDTLVALGSTAAFVYSTYALFMMTDAQTRGDMQAVSTYMMDFYFESAAMILTLITVGKTLEARSKGKTTDALKS,ekaeeaeqdaetaelrrrlivslvlsvpllvvsmghmllglslpeflssehvakvlvlllatvvvlvlgrkffrsgfkelrkgapnMdtLvalGiaaAyvySvyalfapalvagdleavgkeelyfEaaaliltLillGklLEarakrrtsdAl,,,,,,,,
